step,train_loss,train_loss_ma32,validation_loss,learning_rate,grad_norm,global_tokens,max_memory_allocated_gb,max_memory_reserved_gb
1,1.2367866039276123,1.2367866039276123,,3.846153846153847e-07,7.40625,19722.0,10.322110652923584,18.57421875
2,1.3291096687316895,1.2829481363296509,,7.692307692307694e-07,8.625,14270.0,14.821360111236572,22.2265625
3,1.3336105346679688,1.2998356024424236,,1.153846153846154e-06,9.25,18007.0,14.821360111236572,22.5390625
4,1.350455403327942,1.312490552663803,,1.5384615384615387e-06,9.625,18894.0,14.821360111236572,22.5390625
5,1.4055485725402832,1.331102156639099,,1.9230769230769234e-06,8.125,19981.0,14.821360111236572,22.9296875
6,1.281219244003296,1.3227883378664653,,2.307692307692308e-06,7.625,20934.0,14.821360111236572,22.9296875
7,1.3686081171035767,1.329334020614624,,2.6923076923076923e-06,8.9375,19064.0,14.821360111236572,22.9296875
8,1.2470043897628784,1.3190428167581558,1.393492579460144,3.0769230769230774e-06,7.4375,16140.0,15.128655433654785,22.9296875
9,1.3945940732955933,1.327437400817871,,3.4615384615384617e-06,7.15625,17246.0,15.128655433654785,22.9296875
10,1.4355249404907227,1.3382461547851563,,3.846153846153847e-06,5.90625,20187.0,15.128655433654785,22.9296875
11,1.3507522344589233,1.339383071119135,,4.230769230769231e-06,6.0625,16714.0,15.128655433654785,22.9296875
12,1.307319164276123,1.3367110788822174,,4.615384615384616e-06,5.53125,19119.0,15.128655433654785,22.9296875
13,1.226290225982666,1.3282171671207135,,5e-06,5.78125,15744.0,15.128655433654785,22.9296875
14,1.40480637550354,1.3336878248623438,,5.384615384615385e-06,5.65625,19497.0,15.247076988220215,22.9296875
15,1.3628056049346924,1.3356290102005004,,5.769230769230769e-06,5.15625,20533.0,15.35050630569458,22.9296875
16,1.394282579421997,1.339294858276844,1.2516391277313232,6.153846153846155e-06,5.90625,16288.0,15.35050630569458,22.9296875
17,1.2342801094055176,1.3331175201079424,,6.538461538461539e-06,5.59375,16656.0,15.35050630569458,22.9296875
18,1.1800599098205566,1.324614319536421,,6.923076923076923e-06,4.84375,19489.0,15.35050630569458,22.9296875
19,1.09079110622406,1.3123078346252441,,7.307692307692308e-06,5.4375,17677.0,15.35050630569458,22.9296875
20,1.0948832035064697,1.3014366030693054,,7.692307692307694e-06,5.46875,17147.0,15.35050630569458,22.9296875
21,1.1700186729431152,1.2951786063966297,,8.076923076923077e-06,5.53125,19414.0,15.35050630569458,22.9296875
22,1.0602898597717285,1.284501845186407,,8.461538461538462e-06,5.03125,22090.0,15.35050630569458,22.9296875
23,1.0560972690582275,1.2745712114417034,,8.846153846153847e-06,5.0625,18285.0,15.35050630569458,22.9296875
24,1.1299819946289062,1.2685466607411702,1.119449496269226,9.230769230769232e-06,5.8125,17768.0,15.35050630569458,22.9296875
25,1.0781301259994507,1.2609299993515015,,9.615384615384616e-06,5.46875,17531.0,15.35050630569458,22.9296875
26,1.0736982822418213,1.2537287794626677,,1e-05,5.09375,19318.0,15.35050630569458,22.9296875
27,1.0431270599365234,1.2459287157765142,,9.999575185316994e-06,5.5625,15369.0,15.35050630569458,22.9296875
28,1.1027270555496216,1.2408143707684107,,9.998300813454981e-06,5.34375,20090.0,15.35050630569458,22.9296875
29,1.0767133235931396,1.2351557139692635,,9.996177100962714e-06,5.0625,18140.0,15.35050630569458,22.9296875
30,1.1659936904907227,1.2328503131866455,,9.99320440871389e-06,5.4375,17245.0,15.35050630569458,22.9296875
31,0.7561767101287842,1.2174737453460693,,9.98938324184584e-06,5.21875,16992.0,15.35050630569458,22.9296875
32,0.8824005126953125,1.2070027068257332,1.0186671018600464,9.984714249673676e-06,5.375,16970.0,15.35050630569458,22.9296875
33,0.9528533816337585,1.1981297936290503,,9.979198225579968e-06,5.75,16174.0,15.35050630569458,22.9296875
34,0.8690446615219116,1.1837527621537447,,9.972836106879936e-06,4.90625,17631.0,15.35050630569458,22.9296875
35,0.8956668376922607,1.1700670216232538,,9.965628974662145e-06,5.8125,17938.0,15.35050630569458,22.9296875
36,1.056086778640747,1.160868002101779,,9.957578053604837e-06,5.125,19458.0,15.35050630569458,22.9296875
37,0.7964456081390381,1.14183353446424,,9.9486847117678e-06,5.0,16579.0,15.35050630569458,22.9296875
38,0.7259290814399719,1.1244807168841362,,9.938950460359912e-06,5.0,17343.0,15.35050630569458,22.9296875
39,0.8993224501609802,1.10981553979218,,9.928376953482343e-06,4.90625,18289.0,15.35050630569458,22.9296875
40,0.8490020036697388,1.0973779652267694,0.9765727519989014,9.916965987847485e-06,5.21875,16778.0,15.35050630569458,22.9296875
41,1.029888391494751,1.0859809126704931,,9.904719502473635e-06,5.4375,16330.0,15.35050630569458,22.9296875
42,0.8568615913391113,1.0678976830095053,,9.891639578355511e-06,5.59375,16800.0,15.35050630569458,22.9296875
43,0.758303701877594,1.0493836663663387,,9.877728438110645e-06,5.09375,15013.0,15.35050630569458,22.9296875
44,0.6189476251602173,1.0278720557689667,,9.86298844560169e-06,4.6875,16452.0,15.35050630569458,22.9296875
45,0.9274134039878845,1.0185321550816298,,9.847422105534739e-06,5.0625,22129.0,15.35050630569458,22.9296875
46,0.9730261564254761,1.0050390232354403,,9.831032063033726e-06,5.21875,17135.0,15.35050630569458,22.9296875
47,0.6664575338363647,0.9832781460136175,,9.813821103190932e-06,4.5,16760.0,15.35050630569458,22.9296875
48,0.9331541061401367,0.9688678812235594,0.9484264850616455,9.795792150593739e-06,5.09375,15806.0,15.35050630569458,22.9296875
49,0.8906881213188171,0.95813063159585,,9.776948268827658e-06,5.09375,19024.0,15.35050630569458,22.9296875
50,0.7738416194915771,0.9454363100230694,,9.757292659955755e-06,4.5,15993.0,15.35050630569458,22.9296875
51,0.8314927220344543,0.9373332355171442,,9.736828663974527e-06,4.71875,16931.0,15.35050630569458,22.9296875
52,0.8627943992614746,0.9300804603844881,,9.715559758246363e-06,5.1875,15592.0,15.35050630569458,22.9296875
53,0.766647219657898,0.9174751024693251,,9.693489556908641e-06,5.0625,17655.0,15.35050630569458,22.9296875
54,0.7655923366546631,0.9082658048719168,,9.670621810259596e-06,4.59375,17208.0,15.35050630569458,22.9296875
55,0.8555793762207031,0.9019996207207441,,9.646960404121042e-06,4.9375,21669.0,15.35050630569458,22.9296875
56,0.7976491451263428,0.891614219173789,0.9314804673194885,9.62250935917808e-06,5.15625,16560.0,15.35050630569458,22.9296875
57,0.8954756259918213,0.8859062660485506,,9.597272830295877e-06,5.1875,16438.0,15.35050630569458,22.9296875
58,0.9018324613571167,0.8805354591459036,,9.571255105813632e-06,4.75,20278.0,15.35050630569458,22.9296875
59,1.0072636604309082,0.8794147279113531,,9.544460606815901e-06,5.8125,15505.0,15.35050630569458,22.9296875
60,0.8093553185462952,0.8702468611299992,,9.516893886381324e-06,5.0625,15514.0,15.35050630569458,22.9296875
61,0.7767726182937622,0.8608737140893936,,9.488559628808939e-06,5.03125,16528.0,15.35050630569458,22.9296875
62,0.7403593063354492,0.8475726395845413,,9.459462648822209e-06,4.90625,16150.0,15.35050630569458,22.9296875
63,0.8141059875488281,0.8493829295039177,,9.429607890750863e-06,5.125,14870.0,15.35050630569458,22.9296875
64,0.7537654042243958,0.8453630823642015,0.9210534691810608,9.399000427690736e-06,5.0,16400.0,15.35050630569458,22.9296875
65,0.6562212705612183,0.8360933288931847,,9.367645460641716e-06,4.90625,17423.0,15.35050630569458,22.9296875
66,0.8563247919082642,0.8356958329677582,,9.335548317623957e-06,4.9375,17134.0,15.35050630569458,22.9296875
67,0.872542142868042,0.8349731862545013,,9.302714452772515e-06,5.3125,14672.0,15.35050630569458,22.9296875
68,0.9324014782905579,0.8311080206185579,,9.269149445410545e-06,5.53125,17788.0,15.35050630569458,22.9296875
69,0.7462437152862549,0.8295392114669085,,9.234858999101232e-06,4.9375,16393.0,15.35050630569458,22.9296875
70,1.1088511943817139,0.8415055274963379,,9.199848940678607e-06,5.09375,20692.0,15.35050630569458,22.9296875
71,0.6780351996421814,0.8345903009176254,,9.164125219257419e-06,4.8125,15855.0,15.35050630569458,22.9296875
72,0.83897864818573,0.8342770710587502,0.9128845930099487,9.127693905222223e-06,5.21875,14907.0,15.35050630569458,22.9296875
73,0.7440381646156311,0.8253442514687777,,9.09056118919587e-06,4.78125,17289.0,15.35050630569458,22.9296875
74,0.8671918511390686,0.8256670720875263,,9.052733380987555e-06,4.5,20711.0,15.35050630569458,22.9296875
75,0.7409223318099976,0.8251239042729139,,9.014216908520619e-06,4.78125,15442.0,15.35050630569458,22.9296875
76,0.941426694393158,0.8352013751864433,,8.975018316740278e-06,4.5,20388.0,15.35050630569458,22.9296875
77,0.6510136723518372,0.8265638835728168,,8.93514426650147e-06,4.65625,16374.0,15.35050630569458,22.9296875
78,0.9251343011856079,0.825067263096571,,8.894601533437e-06,5.375,17711.0,15.35050630569458,22.9296875
79,1.166934609413147,0.8407071717083454,,8.853397006806183e-06,5.53125,18887.0,15.35050630569458,22.9296875
80,0.9579386711120605,0.841481689363718,0.9054495096206665,8.811537688324187e-06,4.90625,19103.0,15.35050630569458,22.9296875
81,0.8037044405937195,0.8387634493410587,,8.769030690972262e-06,4.8125,15351.0,15.35050630569458,22.9296875
82,0.7348309755325317,0.8375443667173386,,8.725883237789046e-06,4.40625,18531.0,15.35050630569458,22.9296875
83,0.8094514608383179,0.8368555773049593,,8.682102660643196e-06,4.625,17797.0,15.35050630569458,22.9296875
84,0.7142380475997925,0.8322131913155317,,8.637696398987517e-06,4.625,17432.0,15.35050630569458,22.9296875
85,0.8818126916885376,0.8358121123164892,,8.592671998594794e-06,5.21875,15089.0,15.35050630569458,22.9296875
86,0.6304799318313599,0.831589849665761,,8.54703711027558e-06,4.625,18108.0,15.35050630569458,22.9296875
87,0.8873893022537231,0.8325839098542929,,8.50079948857812e-06,5.0625,20254.0,15.35050630569458,22.9296875
88,0.8701061606407166,0.834848191589117,0.8980955481529236,8.453966990470656e-06,4.96875,17355.0,15.35050630569458,22.9296875
89,0.9805092811584473,0.8375054933130741,,8.406547574006326e-06,5.03125,18403.0,15.35050630569458,22.9296875
90,0.7996286153793335,0.8343116231262684,,8.358549296970877e-06,4.4375,19722.0,15.35050630569458,22.9296875
91,0.7149331569671631,0.8251762948930264,,8.309980315513444e-06,4.875,14270.0,15.35050630569458,22.9296875
92,0.7093679904937744,0.8220516908913851,,8.260848882760616e-06,4.75,18007.0,15.35050630569458,22.9296875
93,0.8156460523605347,0.8232664857059717,,8.211163347414005e-06,4.65625,18894.0,15.35050630569458,22.9296875
94,0.9159192442893982,0.8287527337670326,,8.160932152331587e-06,4.53125,19981.0,15.35050630569458,22.9296875
95,0.7243796586990356,0.8259487859904766,,8.11016383309305e-06,4.1875,20934.0,15.35050630569458,22.9296875
96,0.8492023348808289,0.8289311900734901,0.8981553912162781,8.058867016549372e-06,4.4375,19064.0,15.35050630569458,22.9296875
97,0.6080073118209839,0.8274245038628578,,8.007050419356898e-06,5.0,16140.0,15.35050630569458,22.9296875
98,0.7385311126708984,0.8237434513866901,,7.95472284649615e-06,5.15625,17246.0,15.35050630569458,22.9296875
99,0.9221463203430176,0.8252935819327831,,7.90189318977564e-06,4.53125,20187.0,15.35050630569458,22.9296875
100,0.7504923343658447,0.8196089211851358,,7.848570426320918e-06,4.84375,16714.0,15.35050630569458,22.9296875
101,0.7621727585792542,0.8201067037880421,,7.794763617049124e-06,4.375,19119.0,15.35050630569458,22.9296875
102,0.6163433790206909,0.8047158345580101,,7.740481905129307e-06,4.65625,15744.0,15.35050630569458,22.9296875
103,0.9280169010162354,0.8125277627259493,,7.685734514428767e-06,4.90625,19497.0,15.35050630569458,22.9296875
104,0.8644945621490479,0.813325135037303,0.8980785012245178,7.630530747945672e-06,4.625,20533.0,15.35050630569458,22.9296875
105,0.8310891389846802,0.8160454779863358,,7.574879986228245e-06,5.625,16288.0,15.35050630569458,22.9296875
106,0.7076990008354187,0.8110613264143467,,7.518791685780769e-06,5.125,16656.0,15.35050630569458,22.9296875
107,0.7366318702697754,0.8109272494912148,,7.462275377456671e-06,4.15625,19489.0,15.35050630569458,22.9296875
108,0.5961688160896301,0.8001379407942295,,7.405340664838994e-06,5.15625,17677.0,15.35050630569458,22.9296875
109,0.5998954772949219,0.7985404971987009,,7.3479972226084925e-06,4.53125,17147.0,15.35050630569458,22.9296875
110,0.6991446018218994,0.791478319093585,,7.290254794899665e-06,4.46875,19414.0,15.35050630569458,22.9296875
111,0.6638497710227966,0.7757569178938866,,7.232123193644957e-06,4.15625,22090.0,15.35050630569458,22.9296875
112,0.6427310705184937,0.7659066803753376,0.893393337726593,7.173612296907473e-06,4.53125,18285.0,15.35050630569458,22.9296875
113,0.6821956634521484,0.7621095310896635,,7.114732047202433e-06,5.03125,17768.0,15.35050630569458,22.9296875
114,0.6645371317863464,0.7599128484725952,,7.055492449807684e-06,4.75,17531.0,15.35050630569458,22.9296875
115,0.7357190847396851,0.7576087117195129,,6.995903571063541e-06,4.5,19318.0,15.35050630569458,22.9296875
116,0.6640608310699463,0.7560406737029552,,6.935975536662254e-06,4.8125,15369.0,15.35050630569458,22.9296875
117,0.7678356766700745,0.7524788919836283,,6.875718529927404e-06,4.5,20090.0,15.35050630569458,22.9296875
118,0.7798182964324951,0.7571457158774137,,6.815142790083473e-06,4.4375,18140.0,15.35050630569458,22.9296875
119,0.8277947902679443,0.7552833873778582,,6.754258610515949e-06,4.84375,17245.0,15.35050630569458,22.9296875
120,0.46258264780044556,0.7425482776015997,0.9010242819786072,6.6930763370222104e-06,4.5625,16992.0,15.35050630569458,22.9296875
121,0.5944196581840515,0.7304829768836498,,6.631606366053507e-06,4.90625,16970.0,15.35050630569458,22.9296875
122,0.6316300630569458,0.7252330221235752,,6.5698591429483286e-06,5.0,16174.0,15.35050630569458,22.9296875
123,0.6093321442604065,0.7219329904764891,,6.507845160157476e-06,4.53125,17631.0,15.35050630569458,22.9296875
124,0.6046091318130493,0.7186592761427164,,6.445574955461134e-06,5.03125,17938.0,15.35050630569458,22.9296875
125,0.801359236240387,0.7182128131389618,,6.383059110178205e-06,4.78125,19458.0,15.35050630569458,22.9296875
126,0.5325156450271606,0.7062314506620169,,6.320308247368285e-06,4.90625,16579.0,15.35050630569458,22.9296875
127,0.4978383183479309,0.6991520337760448,,6.2573330300265375e-06,4.65625,17343.0,15.35050630569458,22.9296875
128,0.668868899345398,0.6935166139155626,0.9001063108444214,6.1941441592717564e-06,4.65625,18289.0,15.35050630569458,22.9296875
129,0.5883595943450928,0.692902622744441,,6.130752372527981e-06,5.09375,16778.0,15.35050630569458,22.9296875
130,0.7567871809005737,0.6934731248766184,,6.067168441699927e-06,5.375,16330.0,15.35050630569458,22.9296875
131,0.6186953783035278,0.6839902829378843,,6.0034031713425636e-06,5.3125,16800.0,15.35050630569458,22.9296875
132,0.5334464907646179,0.677207600325346,,5.939467396825137e-06,5.09375,15013.0,15.35050630569458,22.9296875
133,0.4335867762565613,0.6669392883777618,,5.875371982489959e-06,4.3125,16452.0,15.35050630569458,22.9296875
134,0.6924244165420532,0.6693168208003044,,5.811127819806277e-06,4.71875,22129.0,15.35050630569458,22.9296875
135,0.7228972911834717,0.6629068329930305,,5.746745825519539e-06,5.25,17135.0,15.35050630569458,22.9296875
136,0.47357892990112305,0.6506907194852829,0.894050657749176,5.682236939796337e-06,4.5,16760.0,15.35050630569458,22.9296875
137,0.7015743255615234,0.6466433815658092,,5.617612124365411e-06,5.25,15806.0,15.35050630569458,22.9296875
138,0.6604694724082947,0.6451674588024616,,5.55288236065495e-06,4.71875,19024.0,15.35050630569458,22.9296875
139,0.5892768502235413,0.6405626144260168,,5.4880586479265774e-06,4.65625,15993.0,15.35050630569458,22.9296875
140,0.62165367603302,0.6413590162992477,,5.423152001406282e-06,4.90625,16931.0,15.35050630569458,22.9296875
141,0.646798849105835,0.6428247466683388,,5.358173450412649e-06,5.21875,15592.0,15.35050630569458,22.9296875
142,0.5623499155044556,0.6385499127209187,,5.293134036482697e-06,4.90625,17655.0,15.35050630569458,22.9296875
143,0.5730882287025452,0.6357136145234108,,5.228044811495632e-06,4.625,17208.0,15.35050630569458,22.9296875
144,0.662571907043457,0.6363336406648159,0.8929579854011536,5.162916835794843e-06,4.75,21669.0,15.35050630569458,22.9296875
145,0.5868507027626038,0.6333541106432676,,5.097761176308471e-06,5.0625,16560.0,15.35050630569458,22.9296875
146,0.6946391463279724,0.6342947985976934,,5.032588904668851e-06,4.9375,16438.0,15.35050630569458,22.9296875
147,0.6975657939910889,0.6331025082617998,,4.967411095331149e-06,4.6875,20278.0,15.35050630569458,22.9296875
148,0.7807067632675171,0.6367476936429739,,4.9022388236915306e-06,5.875,15505.0,15.35050630569458,22.9296875
149,0.6281312704086304,0.6323819309473038,,4.837083164205159e-06,5.03125,15514.0,15.35050630569458,22.9296875
150,0.5874413251876831,0.6263701505959034,,4.771955188504371e-06,5.0,16528.0,15.35050630569458,22.9296875
151,0.5583279728889465,0.6179493125528097,,4.7068659635173034e-06,4.875,16150.0,15.35050630569458,22.9296875
152,0.6311115026473999,0.623215839266777,0.8975672721862793,4.641826549587352e-06,5.15625,14870.0,15.35050630569458,22.9296875
153,0.5795088410377502,0.6227498762309551,,4.57684799859372e-06,5.09375,16400.0,15.35050630569458,22.9296875
154,0.49762529134750366,0.6185622271150351,,4.511941352073424e-06,4.875,17423.0,15.35050630569458,22.9296875
155,0.6891447901725769,0.6210563722997904,,4.447117639345052e-06,5.0,17134.0,15.35050630569458,22.9296875
156,0.7005983591079712,0.6240560356527567,,4.382387875634592e-06,5.65625,14672.0,15.35050630569458,22.9296875
157,0.7294825315475464,0.6218098886311054,,4.317763060203665e-06,5.78125,17788.0,15.35050630569458,22.9296875
158,0.5794988870620728,0.6232781149446964,,4.253254174480462e-06,4.9375,16393.0,15.35050630569458,22.9296875
159,0.926522433757782,0.6366744935512543,,4.188872180193723e-06,5.3125,20692.0,15.35050630569458,22.9296875
160,0.516268789768219,0.6319057401269674,0.8990539908409119,4.124628017510043e-06,4.9375,15855.0,15.35050630569458,22.9296875
161,0.6662047505378723,0.6343384012579918,,4.060532603174865e-06,5.28125,14907.0,15.35050630569458,22.9296875
162,0.6058169603347778,0.6296205818653107,,3.996596828657437e-06,4.75,17289.0,15.35050630569458,22.9296875
163,0.7092509269714355,0.6324504427611828,,3.932831558300074e-06,4.75,20711.0,15.35050630569458,22.9296875
164,0.6009529232978821,0.6345600187778473,,3.869247627472021e-06,5.03125,15442.0,15.35050630569458,22.9296875
165,0.780952513217926,0.6454151980578899,,3.8058558407282465e-06,4.875,20388.0,15.35050630569458,22.9296875
166,0.5153354406356812,0.6398811675608158,,3.742666969973463e-06,4.75,16374.0,15.35050630569458,22.9296875
167,0.7522843480110168,0.6407995130866766,,3.6796917526317153e-06,5.40625,17711.0,15.35050630569458,22.9296875
168,1.006437063217163,0.6574513297528028,0.8965961933135986,3.6169408898217973e-06,5.90625,18887.0,15.35050630569458,22.9296875
169,0.8065314292907715,0.6607312392443419,,3.554425044538868e-06,5.28125,19103.0,15.35050630569458,22.9296875
170,0.654026448726654,0.6605298947542906,,3.4921548398425246e-06,5.34375,15351.0,15.35050630569458,22.9296875
171,0.6163620948791504,0.6613763086497784,,3.430140857051675e-06,4.71875,18531.0,15.35050630569458,22.9296875
172,0.681039035320282,0.6632321011275053,,3.3683936339464957e-06,5.09375,17797.0,15.35050630569458,22.9296875
173,0.5897460579872131,0.6614492014050484,,3.306923662977789e-06,4.875,17432.0,15.35050630569458,22.9296875
174,0.7285650968551636,0.666643425822258,,3.2457413894840516e-06,5.53125,15089.0,15.35050630569458,22.9296875
175,0.5189191102981567,0.6649506408721209,,3.184857209916528e-06,4.78125,18108.0,15.35050630569458,22.9296875
176,0.75837242603302,0.6679444070905447,0.8930894136428833,3.1242814700725977e-06,5.09375,20254.0,15.35050630569458,22.9296875
177,0.7371550798416138,0.6726414188742638,,3.064024463337747e-06,5.21875,17355.0,15.35050630569458,22.9296875
178,0.8362299203872681,0.6770661305636168,,3.0040964289364618e-06,5.1875,18403.0,15.35050630569458,22.9296875
179,0.682029128074646,0.6765806097537279,,2.944507550192318e-06,5.0,19722.0,15.35050630569458,22.9296875
180,0.5867739915847778,0.6705202106386423,,2.885267952797569e-06,5.0625,14270.0,15.35050630569458,22.9296875
181,0.5872535705566406,0.6692427825182676,,2.826387703092528e-06,4.84375,18007.0,15.35050630569458,22.9296875
182,0.6992356181144714,0.6727363541722298,,2.7678768063550454e-06,4.78125,18894.0,15.35050630569458,22.9296875
183,0.7943078875541687,0.680110726505518,,2.7097452051003375e-06,4.96875,19981.0,15.35050630569458,22.9296875
184,0.6137130260467529,0.6795670241117477,0.8931258916854858,2.6520027773915075e-06,4.46875,20934.0,15.35050630569458,22.9296875
185,0.7380003929138184,0.6845198851078749,,2.594659335161008e-06,4.65625,19064.0,15.35050630569458,22.9296875
186,0.5127800107002258,0.6849934700876474,,2.5377246225433306e-06,4.9375,16140.0,15.35050630569458,22.9296875
187,0.6197589635848999,0.6828251630067825,,2.481208314219233e-06,5.34375,17246.0,15.35050630569458,22.9296875
188,0.8168569803237915,0.6864582449197769,,2.4251200137717545e-06,4.78125,20187.0,15.35050630569458,22.9296875
189,0.6425436735153198,0.6837414056062698,,2.3694692520543293e-06,5.09375,16714.0,15.35050630569458,22.9296875
190,0.6607062816619873,0.6862791366875172,,2.3142654855712353e-06,4.6875,19119.0,15.35050630569458,22.9296875
191,0.5163789987564087,0.6734621543437243,,2.259518094870693e-06,4.65625,15744.0,15.35050630569458,22.9296875
192,0.8199899196624756,0.6829534396529198,0.8943924903869629,2.2052363829508776e-06,5.21875,19497.0,15.35050630569458,22.9296875
193,0.7646582126617432,0.6860301103442907,,2.151429573679084e-06,4.75,20533.0,15.35050630569458,22.9296875
194,0.7197338938713074,0.6895900145173073,,2.098106810224362e-06,5.75,16288.0,15.35050630569458,22.9296875
195,0.6122996807098389,0.6865602880716324,,2.0452771535038518e-06,5.09375,16656.0,15.35050630569458,22.9296875
196,0.6481670141220093,0.6880357284098864,,1.9929495806431024e-06,4.34375,19489.0,15.35050630569458,22.9296875
197,0.5071943998336792,0.6794807873666286,,1.9411329834506286e-06,5.125,17677.0,15.35050630569458,22.9296875
198,0.5147390961647034,0.6794621516019106,,1.8898361669069497e-06,4.8125,17147.0,15.35050630569458,22.9296875
199,0.6079602241516113,0.6749520227313042,,1.8390678476684143e-06,4.71875,19414.0,15.35050630569458,22.9296875
200,0.5843067169189453,0.6617604494094849,0.8960602283477783,1.7888366525859968e-06,4.46875,22090.0,15.35050630569458,22.9296875
201,0.5675055980682373,0.6542908921837807,,1.7391511172393849e-06,4.59375,18285.0,15.35050630569458,22.9296875
202,0.6026354432106018,0.652684923261404,,1.6900196844865575e-06,5.09375,17768.0,15.35050630569458,22.9296875
203,0.5801205635070801,0.6515523754060268,,1.6414507030291249e-06,4.875,17531.0,15.35050630569458,22.9296875
204,0.6577678322792053,0.6508251503109932,,1.5934524259936757e-06,4.53125,19318.0,15.35050630569458,22.9296875
205,0.5836994051933289,0.6506361924111843,,1.5460330095293447e-06,5.03125,15369.0,15.35050630569458,22.9296875
206,0.6900693774223328,0.6494332011789083,,1.4992005114218805e-06,4.625,20090.0,15.35050630569458,22.9296875
207,0.7081724405288696,0.6553473677486181,,1.4529628897244214e-06,4.65625,18140.0,15.35050630569458,22.9296875
208,0.7516917586326599,0.6551385968923569,0.8972026109695435,1.4073280014052077e-06,4.96875,17245.0,15.35050630569458,22.9296875
209,0.39834460616111755,0.6445507695898414,,1.3623036010124845e-06,4.5625,16992.0,15.35050630569458,22.9296875
210,0.5256643891334534,0.6348455967381597,,1.3178973393568055e-06,4.9375,16970.0,15.35050630569458,22.9296875
211,0.5581728219985962,0.6309750871732831,,1.2741167622109557e-06,4.9375,16174.0,15.35050630569458,22.9296875
212,0.5449856519699097,0.6296692015603185,,1.2309693090277392e-06,4.5,17631.0,15.35050630569458,22.9296875
213,0.5395663976669312,0.628178977407515,,1.1884623116758121e-06,5.125,17938.0,15.35050630569458,22.9296875
214,0.7359102964401245,0.6293250611051917,,1.1466029931938182e-06,4.78125,19458.0,15.35050630569458,22.9296875
215,0.4694361984729767,0.6191728208214045,,1.1053984665630025e-06,4.78125,16579.0,15.35050630569458,22.9296875
216,0.4421404302120209,0.6138111772015691,0.8990647196769714,1.064855733498531e-06,4.6875,17343.0,15.35050630569458,22.9296875
217,0.6106038093566895,0.6098300339654088,,1.024981683259723e-06,4.53125,18289.0,15.35050630569458,22.9296875
218,0.5260511040687561,0.6102447556331754,,9.857830914793827e-07,4.90625,16778.0,15.35050630569458,22.9296875
219,0.6943016052246094,0.6125742131844163,,9.472666190124457e-07,5.375,16330.0,15.35050630569458,22.9296875
220,0.5597342252731323,0.6045391270890832,,9.094388108041302e-07,5.125,16800.0,15.35050630569458,22.9296875
221,0.4792575240135193,0.5994364349171519,,8.723060947777778e-07,4.90625,15013.0,15.35050630569458,22.9296875
222,0.388095498085022,0.5909173479303718,,8.358747807425827e-07,4.28125,16452.0,15.35050630569458,22.9296875
223,0.6387269496917725,0.5947407213971019,,8.001510593213946e-07,4.6875,22129.0,15.35050630569458,22.9296875
224,0.6667916178703308,0.5899532744660974,0.899687647819519,7.651410008987698e-07,5.1875,17135.0,15.35050630569458,22.9296875
225,0.430045485496521,0.5794966267421842,,7.308505545894567e-07,4.625,16760.0,15.35050630569458,22.9296875
226,0.6497067213058472,0.5773082775995135,,6.972855472274853e-07,5.1875,15806.0,15.35050630569458,22.9296875
227,0.6085085868835449,0.5771898059174418,,6.644516823760439e-07,4.75,19024.0,15.35050630569458,22.9296875
228,0.5446866750717163,0.5739560453221202,,6.323545393582847e-07,4.78125,15993.0,15.35050630569458,22.9296875
229,0.578026294708252,0.5761695420369506,,6.009995723092655e-07,4.96875,16931.0,15.35050630569458,22.9296875
230,0.5934261679649353,0.5786285130307078,,5.703921092491393e-07,5.3125,15592.0,15.35050630569458,22.9296875
231,0.5187519788742065,0.5758407553657889,,5.405373511777939e-07,4.96875,17655.0,15.35050630569458,22.9296875
232,0.5325104594230652,0.5742221223190427,0.8997851610183716,5.114403711910631e-07,4.625,17208.0,15.35050630569458,22.9296875
233,0.621135950088501,0.5758980708196759,,4.831061136186787e-07,4.84375,21669.0,15.35050630569458,22.9296875
234,0.5456734895706177,0.5741180097684264,,4.555393931841001e-07,5.21875,16560.0,15.35050630569458,22.9296875
235,0.6512395143508911,0.5763404769822955,,4.287448941863692e-07,5.0,16438.0,15.35050630569458,22.9296875
236,0.6596373915672302,0.5763989007100463,,4.0272716970412516e-07,4.71875,20278.0,15.35050630569458,22.9296875
237,0.7370665073394775,0.5811916226521134,,3.7749064082191976e-07,5.6875,15505.0,15.35050630569458,22.9296875
238,0.5886996388435364,0.578023818321526,,3.53039595878959e-07,5.09375,15514.0,15.35050630569458,22.9296875
239,0.5504401922225952,0.573094685561955,,3.2937818974040637e-07,5.09375,16528.0,15.35050630569458,22.9296875
240,0.5223066806793213,0.5659264018759131,0.8996212482452393,3.0651044309136016e-07,5.0,16150.0,15.35050630569458,22.9296875
241,0.5955832004547119,0.572090107947588,,2.844402417536374e-07,5.34375,14870.0,15.35050630569458,22.9296875
242,0.544451117515564,0.5726771932095289,,2.631713360254734e-07,4.9375,16400.0,15.35050630569458,22.9296875
243,0.4664004147052765,0.5698093054816127,,2.4270734004424643e-07,4.65625,17423.0,15.35050630569458,22.9296875
244,0.6573562026023865,0.5733208851888776,,2.2305173117234236e-07,4.9375,17134.0,15.35050630569458,22.9296875
245,0.6683112978935242,0.5773441633209586,,2.042078494062616e-07,5.34375,14672.0,15.35050630569458,22.9296875
246,0.6945120096206665,0.5760504668578506,,1.861788968090683e-07,5.78125,17788.0,15.35050630569458,22.9296875
247,0.5488601922988892,0.5785324666649103,,1.68967936966275e-07,4.8125,16393.0,15.35050630569458,22.9296875
248,0.8951182961463928,0.5926880249753594,0.9001009464263916,1.5257789446526172e-07,5.1875,20692.0,15.35050630569458,22.9296875
249,0.48776066303253174,0.5888491766527295,,1.3701155439831249e-07,4.75,15855.0,15.35050630569458,22.9296875
250,0.6385590434074402,0.5923650497570634,,1.2227156188935552e-07,5.1875,14907.0,15.35050630569458,22.9296875
251,0.5807287693023682,0.5888158986344934,,1.0836042164448945e-07,4.59375,17289.0,15.35050630569458,22.9296875
252,0.6839296817779541,0.592697006650269,,9.528049752636714e-08,4.53125,20711.0,15.35050630569458,22.9296875
253,0.5773997902870178,0.5957639524713159,,8.303401215251583e-08,4.90625,15442.0,15.35050630569458,22.9296875
254,0.7562401294708252,0.6072684722021222,,7.16230465176565e-08,4.71875,20388.0,15.35050630569458,22.9296875
255,0.4941319525241852,0.6027498785406351,,6.104953964008897e-08,4.65625,16374.0,15.35050630569458,22.9296875
256,0.7258162498474121,0.6045943982899189,0.9000032544136047,5.1315288232201e-08,5.25,17711.0,15.35050630569458,22.9296875
257,0.9816275835037231,0.621831338852644,,4.2421946395164174e-08,5.6875,18887.0,15.35050630569458,22.9296875
258,0.7839689254760742,0.6260270327329636,,3.437102533785541e-08,5.09375,19103.0,15.35050630569458,22.9296875
259,0.6338746547698975,0.6268197223544121,,2.7163893120066288e-08,5.03125,15351.0,15.35050630569458,22.9296875
260,0.5987694263458252,0.628509808331728,,2.0801774420031172e-08,4.6875,18531.0,15.35050630569458,22.9296875
261,0.6634266376495361,0.6311785690486431,,1.5285750326325953e-08,5.03125,17797.0,15.35050630569458,22.9296875
262,0.5730549097061157,0.630541967228055,,1.0616758154161633e-08,4.71875,17432.0,15.35050630569458,22.9296875
263,0.7094430327415466,0.6365010626614094,,6.7955912861095155e-09,5.5,15089.0,15.35050630569458,22.9296875
264,0.5041831135749817,0.6356158331036568,0.8996871113777161,3.822899037286276e-09,4.71875,18108.0,15.35050630569458,22.9296875
265,0.742711067199707,0.639415055513382,,1.6991865450188827e-09,5.15625,20254.0,15.35050630569458,22.9296875
266,0.7205982208251953,0.6448814533650875,,4.2481468300603625e-10,5.1875,17355.0,15.35050630569458,22.9296875
267,0.8193235397338867,0.6501340791583061,0.8998863697052002,0.0,5.1875,18403.0,15.35050630569458,22.9296875
